{
    "ActionSound": "",
    "Cards": [
        "{\n    \"UnitsInDeck\": 3,\n    \"Card\": \"massinvisibility\"\n}",
        "{\n    \"UnitsInDeck\": 2,\n    \"Card\": \"icelance\"\n}",
        "{\n    \"UnitsInDeck\": 3,\n    \"Card\": \"shadowbolt\"\n}",
        "{\n    \"UnitsInDeck\": 1,\n    \"Card\": \"managem\"\n}",
        "{\n    \"UnitsInDeck\": 2,\n    \"Card\": \"chargebattery\"\n}",
        "{\n    \"UnitsInDeck\": 3,\n    \"Card\": \"frostbolt\"\n}",
        "{\n    \"UnitsInDeck\": 1,\n    \"Card\": \"examplestartercard\"\n}"
    ],
    "ChallengePack0": "glacier",
    "ChallengePack1": "tempest",
    "ChallengePack2": "witch",
    "ChallengePack3": "sorcerer",
    "ChallengePack4": "enchanter",
    "ChallengePack5": "shadowmancer",
    "ChallengePack6": "scribe",
    "CharacterDescription": "A short description.\n\nThe next paragraph in the short description.",
    "CharacterDescriptionStrength": "Mage that uses magic.",
    "CharacterName": "Example",
    "Energy": 1,
    "EnergyTurn": 3,
    "Female": false,
    "FluffOffsetX": 0.0,
    "FluffOffsetY": 3.4000000953674318,
    "GameObjectAnimated": "DELETEME?MAYBE?",
    "HeroClass": "Mage",
    "HeroClassSecondary": "None",
    "HitSound": "malehit4",
    "HP": 66,
    "ID": "examplesubclass",
    "Item": "examplestarteritem",
    "MaxHP": [
        0,
        6,
        6,
        6,
        6
    ],
    "OrderInList": 4,
    "ResistSlashing": 0,
    "ResistBlunt": 0,
    "ResistPiercing": 0,
    "ResistFire": 10,
    "ResistCold": 10,
    "ResistLightning": 10,
    "ResistHoly": 0,
    "ResistShadow": 20,
    "ResistMind": 5,
    "Speed": 14,
    "SpriteBorderLocked": "mySpriteBorderLocked",
    "Sprite": "DELETEME?MAYBE",
    "SpriteBorder": "DELETEME?MAYBE",
    "SpriteBorderSmall": "DELETEME?MAYBE",
    "SpritePortrait": "DELETEME?MAYBE",
    "SpriteSpeed": "DELETEME?MAYBE",
    "StickerBase": "",
    "StickerAngry": "",
    "StickerIndifferent": "",
    "StickerLove": "",
    "StickerSurprise": "",
    "StickerOffsetX": 0.10000000149011612,
    "SubclassName": "Example",
    "Trait0": "exampleinnatetrait",
    "Trait1A": "examplelevel2left",
    "Trait1B": "examplelevel2right",
    "Trait2A": "examplelevel3left",
    "Trait2B": "examplelevel3right",
    "Trait3A": "examplelevel4left",
    "Trait3B": "examplelevel4right",
    "Trait4A": "examplelevel5left",
    "Trait4B": "examplelevel5right"
}