{
    "ID": "exampleeffecttrait",
    "TraitName": "Example Effect Trait",
    "Activation": "None",
    "AuraCurseBonus1": "courage",
    "AuraCurseBonus2": "insulate",
    "AuraCurseBonus3": "reinforce",
    "AuraCurseBonusValue1": 2,
    "AuraCurseBonusValue2": 2,
    "AuraCurseBonusValue3": 2,
    "AuraCurseImmune1": "",
    "AuraCurseImmune2": "",
    "AuraCurseImmune3": "",
    "CharacterStatModified": "None",
    "CharacterStatModifiedValue": 0,
    "DamageBonusFlat": "None",
    "DamageBonusFlat2": "None",
    "DamageBonusFlat3": "None",
    "DamageBonusFlatValue": 0,
    "DamageBonusFlatValue2": 0,
    "DamageBonusFlatValue3": 0,
    "DamageBonusPercent": "None",
    "DamageBonusPercent2": "None",
    "DamageBonusPercent3": "None",
    "DamageBonusPercentValue": 0.0,
    "DamageBonusPercentValue2": 0.0,
    "DamageBonusPercentValue3": 0.0,
    "Description": "+2 Courage, Insulate and Reinforce charges. +20% heal received.",
    "HealFlatBonus": 0,
    "HealPercentBonus": 0.0,
    "HealReceivedFlatBonus": 0,
    "HealReceivedPercentBonus": 20.0,
    "ResistModified1": "None",
    "ResistModified2": "None",
    "ResistModified3": "None",
    "ResistModifiedValue1": 0,
    "ResistModifiedValue2": 0,
    "ResistModifiedValue3": 0,
    "TimesPerRound": 0,
    "TimesPerTurn": 0,
    "TraitCard": "",
    "TraitCardForAllHeroes": ""
}